<?xml version="1.0" encoding="UTF-8"?>
<project-private xmlns="http://www.netbeans.org/ns/project-private/1">
    <editor-bookmarks xmlns="http://www.netbeans.org/ns/editor-bookmarks/2" lastBookmarkId="0"/>
    <open-files xmlns="http://www.netbeans.org/ns/projectui-open-files/2">
        <group>
            <file>file:/C:/Users/DSN/Documents/NetBeansProjects/Project/web/Marketplex.jsp</file>
            <file>file:/C:/Users/DSN/Documents/NetBeansProjects/Project/web/index.jsp</file>
            <file>file:/C:/Users/DSN/Documents/NetBeansProjects/Project/web/Staff.jsp</file>
            <file>file:/C:/Users/DSN/Documents/NetBeansProjects/Project/web/dashboard.css</file>
            <file>file:/C:/Users/DSN/Documents/NetBeansProjects/Project/src/java/nad/RegisterServlet.java</file>
            <file>file:/C:/Users/DSN/Documents/NetBeansProjects/Project/web/dashboard.jsp</file>
            <file>file:/C:/Users/DSN/Documents/NetBeansProjects/Project/src/java/nad/index.java</file>
            <file>file:/C:/Users/DSN/Documents/NetBeansProjects/Project/web/Signup.jsp</file>
        </group>
    </open-files>
</project-private>
