<?xml version="1.0" encoding="UTF-8"?>
<project-private xmlns="http://www.netbeans.org/ns/project-private/1">
    <editor-bookmarks xmlns="http://www.netbeans.org/ns/editor-bookmarks/2" lastBookmarkId="0"/>
    <open-files xmlns="http://www.netbeans.org/ns/projectui-open-files/2">
        <group>
            <file>file:/C:/Users/DSN/Documents/NetBeansProjects/Custom/web/form1.jsp</file>
            <file>file:/C:/Users/DSN/Documents/NetBeansProjects/Custom/web/Signin.jsp</file>
            <file>file:/C:/Users/DSN/Documents/NetBeansProjects/Custom/web/WEB-INF/web.xml</file>
            <file>file:/C:/Users/DSN/Documents/NetBeansProjects/Custom/web/venue.jsp</file>
            <file>file:/C:/Users/DSN/Documents/NetBeansProjects/Custom/web/Welcome.jsp</file>
            <file>file:/C:/Users/DSN/Documents/NetBeansProjects/Custom/web/event.jsp</file>
            <file>file:/C:/Users/DSN/Documents/NetBeansProjects/Custom/web/form3.jsp</file>
            <file>file:/C:/Users/DSN/Documents/NetBeansProjects/Custom/web/form2.jsp</file>
            <file>file:/C:/Users/DSN/Documents/NetBeansProjects/Custom/src/java/custom/Mycookie.java</file>
            <file>file:/C:/Users/DSN/Documents/NetBeansProjects/Custom/src/java/custom/CookieSet.java</file>
        </group>
    </open-files>
</project-private>
